case_id,condition,algorithm,start,destination,route_length,route_str,distance,travel_time,average_traffic,nodes_explored,execution_time_ms,success
1,low,dijkstra,39,34,6,39->38->37->36->35->34,8.9,15.45,11.24,22,0.0748,1
1,low,astar,39,34,6,39->38->37->36->35->34,8.9,15.45,11.24,14,0.1905,1
2,low,dijkstra,45,23,5,45->46->35->24->23,10.7,14.42,25.45,20,0.0819,1
2,low,astar,45,23,5,45->46->35->24->23,10.7,14.42,25.45,11,0.1071,1
3,low,dijkstra,36,37,2,36->37,3.4,5.52,29.8,3,0.0097,1
3,low,astar,36,37,2,36->37,3.4,5.52,29.8,2,0.0762,1
4,low,dijkstra,46,10,8,46->35->24->23->22->12->11->10,14.6,23.53,19.41,46,0.1099,1
4,low,astar,46,10,8,46->35->24->23->22->12->11->10,14.6,23.53,19.41,32,0.1676,1
5,low,dijkstra,49,21,10,49->48->38->37->36->35->24->23->22->21,18.5,29.35,17.02,36,0.0658,1
5,low,astar,49,21,10,49->48->38->37->36->35->24->23->22->21,18.5,29.35,17.02,22,0.1344,1
6,low,dijkstra,24,40,7,24->23->33->43->42->41->40,13.5,20.77,13.23,43,0.1052,1
6,low,astar,24,40,7,24->23->33->43->42->41->40,13.5,20.77,13.23,29,0.1853,1
7,low,dijkstra,23,19,8,23->13->14->15->16->17->18->19,13.5,24.21,20.23,47,0.0916,1
7,low,astar,23,19,8,23->13->14->15->16->17->18->19,13.5,24.21,20.23,34,0.2455,1
8,low,dijkstra,25,44,4,25->35->34->44,6.4,11.3,18.0,23,0.0547,1
8,low,astar,25,44,4,25->35->34->44,6.4,11.3,18.0,9,0.1021,1
9,low,dijkstra,13,48,7,13->14->25->26->27->38->48,18.7,25.46,14.85,46,0.0872,1
9,low,astar,13,48,7,13->14->25->26->27->38->48,18.7,25.46,14.85,32,0.1752,1
10,low,dijkstra,42,23,4,42->32->22->23,5.1,7.98,24.7,9,0.0209,1
10,low,astar,42,23,4,42->32->22->23,5.1,7.98,24.7,5,0.0864,1
11,low,dijkstra,6,27,4,6->7->17->27,5.4,8.61,13.13,8,0.0315,1
11,low,astar,6,27,4,6->7->17->27,5.4,8.61,13.13,5,0.0949,1
12,low,dijkstra,40,25,8,40->41->31->32->22->23->24->25,12.9,24.08,18.19,26,0.0553,1
12,low,astar,40,25,8,40->41->31->32->22->23->24->25,12.9,24.08,18.19,20,0.135,1
13,low,dijkstra,4,32,6,4->14->13->23->33->32,11.1,18.53,17.9,32,0.0715,1
13,low,astar,4,32,6,4->14->13->23->33->32,11.1,18.53,17.9,19,0.1304,1
14,low,dijkstra,44,42,3,44->43->42,3.0,6.16,16.1,4,0.013,1
14,low,astar,44,42,3,44->43->42,3.0,6.16,16.1,3,0.0818,1
15,low,dijkstra,22,25,4,22->23->24->25,5.7,9.46,13.4,11,0.0425,1
15,low,astar,22,25,4,22->23->24->25,5.7,9.46,13.4,4,0.086,1
16,low,dijkstra,25,47,5,25->26->36->37->47,9.0,14.99,13.95,34,0.088,1
16,low,astar,25,47,5,25->26->36->37->47,9.0,14.99,13.95,14,0.2115,1
17,low,dijkstra,19,42,11,19->29->28->27->37->36->46->45->44->43->42,23.1,40.53,18.34,42,0.0955,1
17,low,astar,19,42,11,19->29->28->27->37->36->46->45->44->43->42,23.1,40.53,18.34,37,0.1808,1
18,low,dijkstra,1,22,4,1->11->21->22,6.5,9.96,21.6,10,0.0215,1
18,low,astar,1,22,4,1->11->21->22,6.5,9.96,21.6,9,0.0943,1
19,low,dijkstra,38,7,4,38->27->17->7,8.8,13.13,20.33,18,0.0414,1
19,low,astar,38,7,4,38->27->17->7,8.8,13.13,20.33,9,0.1123,1
20,low,dijkstra,29,15,6,29->28->18->17->16->15,13.4,22.87,13.62,24,0.0621,1
20,low,astar,29,15,6,29->28->18->17->16->15,13.4,22.87,13.62,21,0.8684,1
21,low,dijkstra,10,20,2,10->20,3.5,6.2,26.9,4,0.027,1
21,low,astar,10,20,2,10->20,3.5,6.2,26.9,2,0.1384,1
22,low,dijkstra,43,44,2,43->44,2.4,3.03,5.1,2,0.0165,1
22,low,astar,43,44,2,43->44,2.4,3.03,5.1,2,0.0919,1
23,low,dijkstra,38,29,3,38->28->29,5.7,9.68,21.15,13,0.0351,1
23,low,astar,38,29,3,38->28->29,5.7,9.68,21.15,7,0.0967,1
24,low,dijkstra,38,16,4,38->27->17->16,7.8,12.59,15.67,14,0.031,1
24,low,astar,38,16,4,38->27->17->16,7.8,12.59,15.67,8,0.0967,1
25,low,dijkstra,12,35,5,12->22->23->24->35,8.2,11.61,13.38,19,0.2311,1
25,low,astar,12,35,5,12->22->23->24->35,8.2,11.61,13.38,7,0.1846,1
26,low,dijkstra,4,40,9,4->3->2->1->0->10->20->30->40,17.3,29.32,18.12,50,0.0988,1
26,low,astar,4,40,9,4->3->2->1->0->10->20->30->40,17.3,29.32,18.12,41,0.2032,1
27,low,dijkstra,33,39,7,33->34->35->36->37->38->39,16.0,26.3,13.85,45,0.0888,1
27,low,astar,33,39,7,33->34->35->36->37->38->39,16.0,26.3,13.85,32,0.1628,1
28,low,dijkstra,36,49,5,36->46->47->48->49,8.5,15.39,13.85,28,0.0692,1
28,low,astar,36,49,5,36->46->47->48->49,8.5,15.39,13.85,13,0.1136,1
29,low,dijkstra,2,4,3,2->3->4,4.6,8.29,11.75,10,0.0274,1
29,low,astar,2,4,3,2->3->4,4.6,8.29,11.75,5,0.086,1
30,low,dijkstra,26,41,8,26->25->24->23->22->32->31->41,14.3,20.45,11.89,46,0.2806,1
30,low,astar,26,41,8,26->25->24->23->22->32->31->41,14.3,20.45,11.89,25,0.1826,1
31,medium,dijkstra,39,3,7,39->38->27->26->25->14->3,16.8,30.2,47.48,35,0.0776,1
31,medium,astar,39,3,7,39->38->27->26->25->14->3,16.8,30.2,47.48,25,0.1619,1
32,medium,dijkstra,43,1,6,43->33->23->13->2->1,14.0,28.97,50.46,37,0.0772,1
32,medium,astar,43,1,6,43->33->23->13->2->1,14.0,28.97,50.46,23,0.1665,1
33,medium,dijkstra,40,12,6,40->30->31->21->11->12,9.6,23.09,47.3,17,0.035,1
33,medium,astar,40,12,6,40->30->31->21->11->12,9.6,23.09,47.3,12,0.115,1
34,medium,dijkstra,12,6,6,12->13->14->15->5->6,8.0,16.15,46.36,22,0.0474,1
34,medium,astar,12,6,6,12->13->14->15->5->6,8.0,16.15,46.36,11,0.1023,1
35,medium,dijkstra,18,12,8,18->28->27->26->25->14->13->12,15.7,28.79,45.53,36,0.1251,1
35,medium,astar,18,12,8,18->28->27->26->25->14->13->12,15.7,28.79,45.53,30,0.3466,1
36,medium,dijkstra,28,47,4,28->38->37->47,5.8,13.95,38.63,14,0.0418,1
36,medium,astar,28,47,4,28->38->37->47,5.8,13.95,38.63,8,0.1067,1
37,medium,dijkstra,36,20,7,36->35->24->23->22->21->20,11.7,23.09,47.0,36,0.0752,1
37,medium,astar,36,20,7,36->35->24->23->22->21->20,11.7,23.09,47.0,17,0.1301,1
38,medium,dijkstra,0,39,10,0->1->2->3->14->25->26->27->38->39,23.9,43.05,44.57,45,0.0792,1
38,medium,astar,0,39,10,0->1->2->3->14->25->26->27->38->39,23.9,43.05,44.57,36,0.1702,1
39,medium,dijkstra,21,27,7,21->22->23->24->25->26->27,13.5,31.88,50.75,36,0.0706,1
39,medium,astar,21,27,7,21->22->23->24->25->26->27,13.5,31.88,50.75,35,0.195,1
40,medium,dijkstra,36,14,4,36->26->25->14,7.7,16.92,61.6,21,0.1157,1
40,medium,astar,36,14,4,36->26->25->14,7.7,16.92,61.6,12,0.154,1
41,medium,dijkstra,35,2,5,35->25->14->3->2,12.2,20.73,41.85,28,0.1334,1
41,medium,astar,35,2,5,35->25->14->3->2,12.2,20.73,41.85,13,0.2279,1
42,medium,dijkstra,49,35,5,49->48->47->46->35,11.9,21.51,46.05,18,0.0431,1
42,medium,astar,49,35,5,49->48->47->46->35,11.9,21.51,46.05,12,0.1041,1
43,medium,dijkstra,46,41,6,46->45->44->43->42->41,14.5,34.75,51.4,49,0.1048,1
43,medium,astar,46,41,6,46->45->44->43->42->41,14.5,34.75,51.4,36,0.1742,1
44,medium,dijkstra,19,13,7,19->18->17->16->15->14->13,13.2,26.65,49.43,23,0.0875,1
44,medium,astar,19,13,7,19->18->17->16->15->14->13,13.2,26.65,49.43,14,0.1312,1
45,medium,dijkstra,39,11,10,39->38->37->36->35->24->23->22->12->11,20.3,42.64,53.83,43,0.1283,1
45,medium,astar,39,11,10,39->38->37->36->35->24->23->22->12->11,20.3,42.64,53.83,40,0.2675,1
46,medium,dijkstra,33,11,5,33->23->22->21->11,7.6,19.26,51.57,25,0.0571,1
46,medium,astar,33,11,5,33->23->22->21->11,7.6,19.26,51.57,14,0.1162,1
47,medium,dijkstra,49,42,8,49->48->47->46->45->44->43->42,18.0,43.87,48.34,45,0.22,1
47,medium,astar,49,42,8,49->48->47->46->45->44->43->42,18.0,43.87,48.34,40,0.2109,1
48,medium,dijkstra,3,47,6,3->14->25->35->46->47,16.3,28.82,49.52,42,0.1175,1
48,medium,astar,3,47,6,3->14->25->35->46->47,16.3,28.82,49.52,25,0.159,1
49,medium,dijkstra,31,45,6,31->32->33->43->44->45,9.9,21.9,51.28,26,0.0586,1
49,medium,astar,31,45,6,31->32->33->43->44->45,9.9,21.9,51.28,14,0.1109,1
50,medium,dijkstra,47,37,2,47->37,3.5,6.92,64.8,3,0.0098,1
50,medium,astar,47,37,2,47->37,3.5,6.92,64.8,2,0.0916,1
51,medium,dijkstra,29,1,10,29->28->18->17->16->15->14->13->2->1,20.6,40.53,47.64,39,0.0826,1
51,medium,astar,29,1,10,29->28->18->17->16->15->14->13->2->1,20.6,40.53,47.64,32,0.1585,1
52,medium,dijkstra,33,31,3,33->32->31,6.3,14.94,49.65,13,0.0382,1
52,medium,astar,33,31,3,33->32->31,6.3,14.94,49.65,7,0.0952,1
53,medium,dijkstra,34,48,5,34->35->46->47->48,11.1,20.16,51.12,30,0.086,1
53,medium,astar,34,48,5,34->35->46->47->48,11.1,20.16,51.12,13,0.1246,1
54,medium,dijkstra,41,46,8,41->31->32->33->23->24->35->46,14.8,28.71,47.37,32,0.0824,1
54,medium,astar,41,46,8,41->31->32->33->23->24->35->46,14.8,28.71,47.37,19,0.162,1
55,medium,dijkstra,22,47,6,22->23->24->35->46->47,14.3,31.5,48.22,41,0.0867,1
55,medium,astar,22,47,6,22->23->24->35->46->47,14.3,31.5,48.22,34,0.2016,1
56,medium,dijkstra,35,36,2,35->36,3.2,7.32,44.9,5,0.0221,1
56,medium,astar,35,36,2,35->36,3.2,7.32,44.9,2,0.0847,1
57,medium,dijkstra,41,16,9,41->31->21->22->23->24->25->26->16,18.0,35.02,40.49,37,0.1193,1
57,medium,astar,41,16,9,41->31->21->22->23->24->25->26->16,18.0,35.02,40.49,31,0.2307,1
58,medium,dijkstra,16,4,4,16->15->5->4,8.0,15.08,41.0,16,0.0389,1
58,medium,astar,16,4,4,16->15->5->4,8.0,15.08,41.0,8,0.094,1
59,medium,dijkstra,45,8,8,45->46->47->37->38->28->18->8,14.0,32.64,52.37,47,0.0929,1
59,medium,astar,45,8,8,45->46->47->37->38->28->18->8,14.0,32.64,52.37,34,0.181,1
60,medium,dijkstra,3,10,5,3->2->1->0->10,8.8,18.5,49.62,20,0.0569,1
60,medium,astar,3,10,5,3->2->1->0->10,8.8,18.5,49.62,9,0.1029,1
61,high,dijkstra,20,5,8,20->10->11->12->13->14->4->5,16.3,44.81,81.37,33,0.1338,1
61,high,astar,20,5,8,20->10->11->12->13->14->4->5,16.3,44.81,81.37,27,0.5409,1
62,high,dijkstra,12,28,7,12->13->14->25->26->27->28,15.0,35.64,85.25,40,0.0966,1
62,high,astar,12,28,7,12->13->14->25->26->27->28,15.0,35.64,85.25,24,0.1601,1
63,high,dijkstra,34,16,5,34->35->36->26->16,8.5,23.38,86.5,23,0.0518,1
63,high,astar,34,16,5,34->35->36->26->16,8.5,23.38,86.5,11,0.1582,1
64,high,dijkstra,3,35,4,3->14->24->35,8.4,16.35,79.67,13,0.0351,1
64,high,astar,3,35,4,3->14->24->35,8.4,16.35,79.67,7,0.0946,1
65,high,dijkstra,9,27,5,9->19->18->28->27,11.4,27.4,80.47,13,0.0552,1
65,high,astar,9,27,5,9->19->18->28->27,11.4,27.4,80.47,10,0.1975,1
66,high,dijkstra,22,38,7,22->23->24->35->36->37->38,14.4,37.16,84.8,43,0.1606,1
66,high,astar,22,38,7,22->23->24->35->36->37->38,14.4,37.16,84.8,29,0.2761,1
67,high,dijkstra,45,2,6,45->35->25->14->13->2,14.4,34.32,82.8,39,0.0856,1
67,high,astar,45,2,6,45->35->25->14->13->2,14.4,34.32,82.8,22,0.1581,1
68,high,dijkstra,27,18,3,27->17->18,3.9,12.17,80.95,7,0.0453,1
68,high,astar,27,18,3,27->17->18,3.9,12.17,80.95,4,0.0857,1
69,high,dijkstra,47,9,7,47->48->38->39->29->19->9,12.1,33.04,84.7,38,0.1267,1
69,high,astar,47,9,7,47->48->38->39->29->19->9,12.1,33.04,84.7,22,0.2087,1
70,high,dijkstra,3,40,8,3->13->12->11->21->31->30->40,13.6,36.46,87.07,47,0.1195,1
70,high,astar,3,40,8,3->13->12->11->21->31->30->40,13.6,36.46,87.07,29,0.1627,1
71,high,dijkstra,29,22,9,29->28->27->26->36->35->24->23->22,17.5,44.32,79.99,38,0.0859,1
71,high,astar,29,22,9,29->28->27->26->36->35->24->23->22,17.5,44.32,79.99,33,0.1671,1
72,high,dijkstra,24,4,3,24->14->4,5.0,13.7,84.6,17,0.041,1
72,high,astar,24,4,3,24->14->4,5.0,13.7,84.6,5,0.0914,1
73,high,dijkstra,13,22,3,13->12->22,5.0,14.25,89.25,7,0.0219,1
73,high,astar,13,22,3,13->12->22,5.0,14.25,89.25,4,0.0901,1
74,high,dijkstra,42,43,2,42->43,3.3,9.3,87.8,6,0.0157,1
74,high,astar,42,43,2,42->43,3.3,9.3,87.8,3,0.0763,1
75,high,dijkstra,41,38,9,41->42->43->44->45->46->36->37->38,17.7,50.11,86.58,40,0.201,1
75,high,astar,41,38,9,41->42->43->44->45->46->36->37->38,17.7,50.11,86.58,34,0.3275,1
76,high,dijkstra,16,45,6,16->15->14->24->35->45,10.9,23.97,86.74,30,0.0619,1
76,high,astar,16,45,6,16->15->14->24->35->45,10.9,23.97,86.74,18,0.1325,1
77,high,dijkstra,13,12,2,13->12,3.7,9.85,86.3,6,0.0177,1
77,high,astar,13,12,2,13->12,3.7,9.85,86.3,3,0.0801,1
78,high,dijkstra,8,30,12,8->18->28->27->26->25->24->23->22->21->31->30,19.8,51.63,81.28,47,0.103,1
78,high,astar,8,30,12,8->18->28->27->26->25->24->23->22->21->31->30,19.8,51.63,81.28,40,0.1885,1
79,high,dijkstra,25,39,5,25->26->27->38->39,12.4,34.12,80.7,47,0.0873,1
79,high,astar,25,39,5,25->26->27->38->39,12.4,34.12,80.7,32,0.1672,1
80,high,dijkstra,27,35,4,27->26->25->35,6.3,16.68,83.77,16,0.0799,1
80,high,astar,27,35,4,27->26->25->35,6.3,16.68,83.77,6,0.5422,1
81,high,dijkstra,16,10,8,16->26->25->14->13->12->11->10,15.7,38.92,88.36,47,0.1164,1
81,high,astar,16,10,8,16->26->25->14->13->12->11->10,15.7,38.92,88.36,27,0.1668,1
82,high,dijkstra,14,45,4,14->25->35->45,8.0,21.28,87.4,25,0.0548,1
82,high,astar,14,45,4,14->25->35->45,8.0,21.28,87.4,15,0.1192,1
83,high,dijkstra,21,25,5,21->22->23->24->25,10.5,28.93,77.8,25,0.0559,1
83,high,astar,21,25,5,21->22->23->24->25,10.5,28.93,77.8,15,0.1188,1
84,high,dijkstra,39,12,9,39->38->27->26->25->14->3->2->12,21.4,44.51,82.15,39,0.0732,1
84,high,astar,39,12,9,39->38->27->26->25->14->3->2->12,21.4,44.51,82.15,35,0.1703,1
85,high,dijkstra,48,39,3,48->38->39,4.5,11.66,94.6,5,0.0228,1
85,high,astar,48,39,3,48->38->39,4.5,11.66,94.6,4,0.13,1
86,high,dijkstra,26,10,7,26->25->14->13->12->11->10,17.3,44.3,84.22,47,0.1266,1
86,high,astar,26,10,7,26->25->14->13->12->11->10,17.3,44.3,84.22,38,0.1945,1
87,high,dijkstra,45,30,8,45->35->24->23->22->21->20->30,14.7,40.29,85.34,46,0.087,1
87,high,astar,45,30,8,45->35->24->23->22->21->20->30,14.7,40.29,85.34,29,0.156,1
88,high,dijkstra,39,44,7,39->38->37->36->46->45->44,13.7,35.73,83.33,29,0.1281,1
88,high,astar,39,44,7,39->38->37->36->46->45->44,13.7,35.73,83.33,23,0.2232,1
89,high,dijkstra,40,20,3,40->30->20,3.2,10.36,90.1,5,0.0192,1
89,high,astar,40,20,3,40->30->20,3.2,10.36,90.1,3,0.0768,1
90,high,dijkstra,2,1,2,2->1,3.5,11.28,93.3,7,0.0178,1
90,high,astar,2,1,2,2->1,3.5,11.28,93.3,5,0.0849,1
91,random,dijkstra,34,38,6,34->35->25->26->27->38,11.3,22.77,42.86,28,0.1401,1
91,random,astar,34,38,6,34->35->25->26->27->38,11.3,22.77,42.86,16,0.3511,1
92,random,dijkstra,12,41,5,12->11->21->31->41,8.8,17.24,47.38,21,0.0503,1
92,random,astar,12,41,5,12->11->21->31->41,8.8,17.24,47.38,14,0.1198,1
93,random,dijkstra,27,19,4,27->28->18->19,5.3,13.6,75.57,20,0.0671,1
93,random,astar,27,19,4,27->28->18->19,5.3,13.6,75.57,10,0.102,1
94,random,dijkstra,48,34,5,48->47->46->35->34,12.5,20.94,36.02,24,0.0475,1
94,random,astar,48,34,5,48->47->46->35->34,12.5,20.94,36.02,14,0.1123,1
95,random,dijkstra,20,49,13,20->10->0->1->2->13->14->25->26->27->38->48->49,27.8,49.75,38.67,48,0.0884,1
95,random,astar,20,49,13,20->10->0->1->2->13->14->25->26->27->38->48->49,27.8,49.75,38.67,46,0.1906,1
96,random,dijkstra,25,22,5,25->35->24->23->22,9.3,22.51,69.5,38,0.1384,1
96,random,astar,25,22,5,25->35->24->23->22,9.3,22.51,69.5,24,0.2629,1
97,random,dijkstra,14,19,7,14->25->26->27->28->29->19,17.3,29.08,43.77,50,0.1912,1
97,random,astar,14,19,7,14->25->26->27->28->29->19,17.3,29.08,43.77,40,0.2459,1
98,random,dijkstra,28,37,3,28->38->37,3.9,9.2,72.25,8,0.0245,1
98,random,astar,28,37,3,28->38->37,3.9,9.2,72.25,4,0.1135,1
99,random,dijkstra,24,40,7,24->23->33->32->42->41->40,10.8,25.67,51.98,47,0.0912,1
99,random,astar,24,40,7,24->23->33->32->42->41->40,10.8,25.67,51.98,29,0.1616,1
100,random,dijkstra,24,9,9,24->35->36->26->16->17->18->8->9,16.5,33.03,48.95,50,0.0934,1
100,random,astar,24,9,9,24->35->36->26->16->17->18->8->9,16.5,33.03,48.95,44,0.2097,1
101,random,dijkstra,39,17,5,39->29->19->18->17,7.8,17.93,44.57,15,0.2323,1
101,random,astar,39,17,5,39->29->19->18->17,7.8,17.93,44.57,11,0.2535,1
102,random,dijkstra,48,47,2,48->47,1.2,2.27,45.1,2,0.0203,1
102,random,astar,48,47,2,48->47,1.2,2.27,45.1,2,0.0902,1
103,random,dijkstra,15,24,3,15->25->24,5.9,13.84,92.05,15,0.0422,1
103,random,astar,15,24,3,15->25->24,5.9,13.84,92.05,7,0.1036,1
104,random,dijkstra,45,5,6,45->35->24->14->15->5,9.9,20.87,52.4,29,0.0605,1
104,random,astar,45,5,6,45->35->24->14->15->5,9.9,20.87,52.4,18,0.1317,1
105,random,dijkstra,29,44,8,29->28->38->48->47->46->45->44,13.9,29.76,46.09,29,0.0606,1
105,random,astar,29,44,8,29->28->38->48->47->46->45->44,13.9,29.76,46.09,26,0.1461,1
106,random,dijkstra,0,21,4,0->10->11->21,5.8,11.44,22.13,6,0.0126,1
106,random,astar,0,21,4,0->10->11->21,5.8,11.44,22.13,6,0.0849,1
107,random,dijkstra,5,17,4,5->6->16->17,6.6,13.05,48.7,13,0.0542,1
107,random,astar,5,17,4,5->6->16->17,6.6,13.05,48.7,6,0.1016,1
108,random,dijkstra,31,33,3,31->32->33,5.5,11.83,58.25,10,0.0259,1
108,random,astar,31,33,3,31->32->33,5.5,11.83,58.25,7,0.1761,1
109,random,dijkstra,38,24,5,38->27->26->25->24,8.9,18.9,47.23,24,0.0488,1
109,random,astar,38,24,5,38->27->26->25->24,8.9,18.9,47.23,11,0.1321,1
110,random,dijkstra,8,2,7,8->7->6->5->4->3->2,14.9,31.77,40.23,31,0.0601,1
110,random,astar,8,2,7,8->7->6->5->4->3->2,14.9,31.77,40.23,22,0.1321,1
111,random,dijkstra,32,37,7,32->33->34->24->35->36->37,16.8,30.6,33.83,38,0.1463,1
111,random,astar,32,37,7,32->33->34->24->35->36->37,16.8,30.6,33.83,29,0.2174,1
112,random,dijkstra,24,12,4,24->23->13->12,6.5,13.69,32.77,19,0.1074,1
112,random,astar,24,12,4,24->23->13->12,6.5,13.69,32.77,11,0.1364,1
113,random,dijkstra,40,28,12,40->30->20->10->11->12->13->14->25->26->27->28,26.1,53.36,43.97,43,0.1002,1
113,random,astar,40,28,12,40->30->20->10->11->12->13->14->25->26->27->28,26.1,53.36,43.97,41,0.2055,1
114,random,dijkstra,7,42,10,7->17->16->26->36->35->34->33->43->42,19.3,36.25,36.79,41,0.0808,1
114,random,astar,7,42,10,7->17->16->26->36->35->34->33->43->42,19.3,36.25,36.79,38,0.1731,1
115,random,dijkstra,15,19,5,15->16->17->18->19,11.7,24.87,51.7,38,0.0779,1
115,random,astar,15,19,5,15->16->17->18->19,11.7,24.87,51.7,22,0.1407,1
116,random,dijkstra,3,31,6,3->13->23->22->32->31,13.6,26.54,24.92,40,0.0977,1
116,random,astar,3,31,6,3->13->23->22->32->31,13.6,26.54,24.92,29,0.1584,1
117,random,dijkstra,45,13,5,45->35->24->14->13,8.9,16.86,41.27,19,0.0678,1
117,random,astar,45,13,5,45->35->24->14->13,8.9,16.86,41.27,9,0.1235,1
118,random,dijkstra,22,34,4,22->23->24->34,6.7,11.83,42.43,14,0.0502,1
118,random,astar,22,34,4,22->23->24->34,6.7,11.83,42.43,6,0.1465,1
119,random,dijkstra,21,17,9,21->11->12->13->14->25->26->16->17,21.1,39.83,37.66,42,0.087,1
119,random,astar,21,17,9,21->11->12->13->14->25->26->16->17,21.1,39.83,37.66,38,0.1829,1
120,random,dijkstra,37,6,5,37->27->17->7->6,8.5,16.93,47.12,22,0.0489,1
120,random,astar,37,6,5,37->27->17->7->6,8.5,16.93,47.12,12,0.1104,1
